ID,Taxon,Rank
410702,Pinus_pseudostrobus_x_Pinus_montezumae,species
536984,Pinus_rigida_x_Pinus_x_rigitaeda,species
1255764,Pinus_brutia_x_Pinus_halepensis,species
1525127,Pinus_rigida_x_Pinus_taeda,species
1690236,Pinus_sibirica_x_Pinus_pumila,species
2107571,Pinus_strobus_x_Pinus_wallichiana,species
293062,Larix_gmelinii_var._olgensis_x_Larix_kaempferi,species
281396,Picea_mariana_x_Picea_rubens,species
273280,Picea_engelmannii_x_Picea_sitchensis,species
373101,Picea_engelmannii_x_Picea_glauca,species
1497110,Picea_glauca_x_P._engelmannii_x_P._sitchensis,species
332955,Juniperus_communis_x_Juniperus_nana,species
761741,Cupressus_austrotibetica_x_Cupressus_cashmeriana,species
187465,Chamaecyparis_obtusa_x_Chamaecyparis_pisifera,species
1238157,Encephalartos_natalensis_x_Encephalartos_woodii,species
466850,Encephalartos_horridus_x_Encephalartos_longifolius,species
1848926,Encephalartos_paucidentatus_x_Encephalartos_heenanii,species
1216051,Macrozamia_lucida_x_Macrozamia_macleayi,species
1216047,Macrozamia_longispina_x_Macrozamia_macleayi,species
702090,Persea_schiedeana_x_Persea_americana_'guatemalensis',species
702089,Persea_americana_var._americana_x_'guatemalensis',no_rank
2078679,Asimina_incana_x_Asimina_pygmaea,species
2078680,Asimina_pygmaea_x_Asimina_incana,species
2078678,Asimina_incana_x_Asimina_angustifolia,species
1010619,Magnolia_alba_x_Magnolia_champaca,species
1010618,Magnolia_baillonii_x_Magnolia_champaca,species
215539,Liriodendron_chinense_x_Liriodendron_tulipifera,species
1095259,Epimedium_franchetii_x_Epimedium_sutchuenense,species
1112795,Berberis_integerrima_x_Berberis_vulgaris,species
1485953,Aquilegia_japonica_x_Aquilegia_oxysepala,species
1886609,Aquilegia_coerulea_x_Aquilegia_chrysantha,species
1506454,Aquilegia_aradanica_x_Aquilegia_sibirica,species
667023,Ranunculus_carpaticola_x_Ranunculus_cassubicifolius,species
2044280,Ranunculus_aquatilis_x_Ranunculus_peltatus,species
1529054,Ranunculus_carpaticola_x_Ranunculus_notabilis,species
1529055,Ranunculus_cassubicifolius_x_Ranunculus_notabilis,species
2044282,Ranunculus_fluitans_x_Ranunculus_circinatus,species
2044283,Ranunculus_fluitans_x_Ranunculus_peltatus,species
2044284,Ranunculus_fluitans_x_Ranunculus_penicillatus,species
2044281,Ranunculus_fluitans_x_Ranunculus_baudotii,species
167996,Anemone_nemorosa_x_Anemone_ranunculoides,species
1406309,Clematis_marmoraria_x_Clematis_paniculata,species
1054459,Pulsatilla_cernua_x_Pulsatilla_dahurica,species
1130976,Protea_compacta_x_Protea_neriifolia,species
1093171,Protea_eximia_x_Protea_susannae,species
89340,Armeria_villosa_subsp._longiaristata_x_Armeria_colorata,species
676045,Armeria_pubigera_x_Armeria_pungens,species
2420316,Limonium_ovalifolium_x_Limonium_nydeggeri,species
2420314,Limonium_binervosum_x_Limonium_nydeggeri,species
2420315,Limonium_dodartii_x_Limonium_nydeggeri,species
1612556,Atraphaxis_frutescens_x_Atraphaxis_pungens,species
1612555,Atraphaxis_bracteata_x_Atraphaxis_virgata,species
1612553,Atraphaxis_bracteata_x_Atraphaxis_frutescens,species
1612554,Atraphaxis_bracteata_x_Atraphaxis_pungens,species
1612557,Atraphaxis_pyrifolia_x_Atraphaxis_seravschanica,species
701429,Polygonum_arenastrum_x_Polygonum_patulum,species
701428,Polygonum_achoreum_x_Polygonum_arenastrum,species
1744888,Nepenthes_ventricosa_x_Nepenthes_alata,species
2099724,Nepenthes_alata_x_Nepenthes_ventricosa,species
2203080,Nepenthes_maxima_x_Nepenthes_fusca,species
1458531,Amaranthus_cruentus_x_Amaranthus_hybridus,species
194672,Amaranthus_palmeri_x_Amaranthus_rudis,species
1548797,Ptilotus_exaltatus_var._semilanatus_x_Ptilotus_nobilis,species
1738667,Salicornia_pillansii_x_Salicornia_natalensis,species
1738669,Salicornia_tegetaria_x_Salicornia_pillansii,species
1738668,Salicornia_tegetaria_x_Salicornia_natalensis,species
1738665,Salicornia_pillansii_x_Salicornia_tegetaria,species
1943629,Salicornia_natalensis_x_Salicornia_tegetaria,species
1738666,Salicornia_pillansii_x_Salicornia_mossiana,species
1918717,Atriplex_prostrata_x_Atriplex_rosea,species
1488198,Silene_diclinis_x_Silene_latifolia,species
1982522,Atocion_lituanicum_x_Atocion_armeria,species
1045993,Schiedea_menziesii_x_Schiedea_salicaria,species
2485485,Dianthus_versicolor_x_Dianthus_superbus,species
2583420,Dianthus_superbus_x_Dianthus_versicolor,species
1631358,Dianthus_arenarius_subsp._bohemicus_x_Dianthus_carthusianorum,species
509915,Cerastium_nigrescens_x_Cerastium_alpinum,species
2038340,Pseudostellaria_davidii_x_Pseudostellaria_palibiniana,species
2485786,Echinocactus_horizonthalonius_x_Echinocactus_platyacanthus,species
722776,Schlumbergera_rosea_x_Schlumbergera_gaertneri,species
1405379,Neobuxbaumia_mezcalaensis_x_Neobuxbaumia_macrocephala,species
1677734,Copiapoa_cinerea_x_Copiapoa_gigantea,species
339161,Calandrinia_caespitosa_x_Calandrinia_compacta,species
339164,Montiopsis_capitata_x_Montiopsis_trifida,species
339162,Calyptridium_umbellatum_x_Calyptridium_monospermum,species
339163,Cistanthe_humilis_x_Calandrinia_oblongifolia,species
928645,Santalum_pyrularium_x_Santalum_involutum,species
470284,Santalum_lanceolatum_x_Santalum_leptocladum,species
40728,Astilbe_japonica_x_Astilbe_chinensis,species
1123991,Paeonia_anomala_x_Paeonia_tenuifolia,species
1631872,Paeonia_ostii_x_Paeonia_suffruticosa,species
1609125,Paeonia_lutea_x_Paeonia_suffruticosa,species
208859,Myriophyllum_spicatum_x_Myriophyllum_sibiricum,species
438839,Myriophyllum_heterophyllum_x_Myriophyllum_laxum,species
366913,Cornus_canadensis_x_Cornus_suecica,species
860739,Hydrangea_hirta_x_Hydrangea_scandens,species
860738,Hydrangea_seemannii_x_Hydrangea_peruviana,species
758683,Lysimachia_glutinosa_x_Lysimachia_kalalauensis,species
758682,Lysimachia_filifolia_x_Lysimachia_glutinosa,species
993404,Cyclamen_persicum_x_Cyclamen_purpurascens,species
675086,Primula_poissonii_x_Primula_secundiflora,species
1494407,Primula_beesiana_x_Primula_bulleyana,species
1838040,Primula_latifolia_x_Primula_marginata,species
1125360,Impatiens_kilimanjari_x_Impatiens_pseudoviola,species
2487893,Impatiens_balfourii_x_Impatiens_parviflora,species
342005,Impatiens_usambarensis_x_Impatiens_walleriana,species
1676623,Sarracenia_psittacina_x_Sarracenia_purpurea,species
659589,Arctostaphylos_manzanita_x_Arctostaphylos_stanfordiana,species
1610496,Rhododendron_kiusianum_x_Rhododendron_indicum,species
409320,Rhododendron_decorum_x_Rhododendron_delavayi,species
880877,Rhododendron_cyanocarpum_x_Rhododendron_delavayi,species
436877,Rhododendron_nakaharae_x_Rhododendron_indicum,species
2302846,Vaccinium_corymbosum_x_Vaccinium_angustifolium,species
934696,Vaccinium_angustifolium_x_Vaccinium_corymbosum,species
2078687,Vaccinium_corymbosum_x_Vaccinium_myrsinites,species
2078688,Vaccinium_myrsinites_x_Vaccinium_corymbosum,species
2302845,Vaccinium_corymbosum_x_Vaccinium_darrowii,species
1286240,Actinidia_rufa_x_Actinidia_chinensis,species
1286236,Actinidia_eriantha_x_Actinidia_chinensis,species
1286234,Actinidia_chinensis_x_Actinidia_arguta,species
1286238,Actinidia_fulvicoma_x_Actinidia_deliciosa,species
1286233,Actinidia_chinensis_x_Actinidia_eriantha,species
1286239,Actinidia_macrosperma_x_Actinidia_melanandra,species
1286235,Actinidia_deliciosa_x_Actinidia_arguta,species
1286237,Actinidia_fulvicoma_x_Actinidia_chinensis,species
155547,Stewartia_pseudocamellia_x_Stewartia_ovata_var._grandiflora,species
1916282,Camellia_azalea_x_Camellia_amplexicaulis,species
1172115,Ipomoea_batatas_x_Ipomoea_hederacea,species
485355,Ipomoea_coccinea_x_Ipomoea_quamoclit,species
1972074,Calystegia_hederacea_x_Calystegia_pubescens,species
207879,Cestrum_aurantiacum_x_Cestrum_parqui,species
1171611,Duboisia_leichhardtii_x_Duboisia_myoporoides,species
696922,Nicotiana_rustica_x_Nicotiana_plumbaginifolia,species
157071,Nicotiana_suaveolens_x_Nicotiana_tabacum,species
79230,Nicotiana_glauca_x_Nicotiana_langsdorffii,species
164110,Nicotiana_langsdorffii_x_Nicotiana_sanderae,species
32200,Nicotiana_tabacum_x_Nicotiana_bigelovii,species
936530,Capsicum_chinense_x_Capsicum_frutescens,species
713679,Capsicum_annuum_x_Capsicum_chinense,species
2023330,Capsicum_baccatum_var._baccatum_x_Capsicum_annuum_var._annuum,species
2023331,Capsicum_annuum_var._annuum_x_Capsicum_baccatum_var._baccatum,species
2023334,Capsicum_baccatum_var._baccatum_x_Capsicum_chinense,species
2023333,Capsicum_annuum_var._annuum_x_Capsicum_chinense,species
2023332,Capsicum_chinense_x_Capsicum_baccatum_var._baccatum,species
1050721,Capsicum_annuum_x_Capsicum_frutescens,species
2506110,Jaltomata_sinuosa_x_Jaltomata_umbellata,species
1928708,Solanum_spegazzinii_x_Solanum_gourlayi,species
1546022,Solanum_kurtzianum_x_Solanum_microdontum,species
162493,Solanum_arnezii_x_Solanum_hondelmannii,species
681985,Solanum_schenckii_x_Solanum_brachycarpum,species
681986,Solanum_capsicibaccatum_x_Solanum_circaeifolium,species
1128164,Solanum_leptophyes_x_Solanum_sparsipilum,species
588599,Solanum_arcanum_x_Solanum_peruvianum,species
286530,Solanum_lycopersicum_x_Solanum_pimpinellifolium,species
95449,Solanum_lycopersicum_x_Solanum_peruvianum,species
298315,Solanum_lycopersicum_x_Solanum_tuberosum,species
872925,Solanum_lycopersicum_x_Solanum_pennellii,species
357543,Solanum_lycopersicum_x_Solanum_habrochaites,species
588597,Solanum_huaylasense_x_Solanum_peruvianum,species
1202430,Solanum_acaule_x_Solanum_commersonii,species
378788,Solanum_sparsipilum_x_Solanum_tuberosum,species
2490912,Solanum_stoloniferum_x_Solanum_tuberosum,species
176296,Solanum_berthaultii_x_Solanum_tuberosum,species
746542,Solanum_incanum_x_Solanum_melongena,species
2654275,Solanum_melongena_x_Solanum_linnaeanum,species
1017323,Solanum_chacoense_x_Solanum_tuberosum,species
1872692,Solanum_asymmetriphyllum_x_Solanum_sejunctum,species
245159,Solanum_commersonii_x_Solanum_tuberosum,species
188760,Solanum_phureja_x_Solanum_tuberosum,species
176295,Solanum_phureja_x_Solanum_stenotomum,species
1928653,Withania_somnifera_x_Withania_sp._'ashwagandha',species
1830227,Acnistus_arborescens_x_Iochroma_cyaneum,species
2570376,Petunia_exserta_x_Petunia_axillaris_subsp._parodii,species
56025,Petunia_x_hybrida_x_Petunia_axillaris_subsp._parodii,species
2315833,Petunia_axillaris_x_Petunia_integrifolia_subsp._inflata,species
2570377,Petunia_axillaris_x_Petunia_axillaris_subsp._parodii,species
2290741,Petunia_axillaris_x_Petunia_secreta,species
1765064,Petunia_axillaris_x_Petunia_x_hybrida,species
361459,Petunia_axillaris_x_Petunia_exserta,species
659877,Asclepias_albicans_x_Asclepias_subulata,species
1549868,Asclepias_speciosa_x_Asclepias_syriaca,species
2597732,Hoya_wayetii_x_Hoya_tsangii,species
2597722,Hoya_celata_x_Hoya_pubicalyx,species
2042953,Mandevilla_pentlandiana_x_Mandevilla_laxa,species
2599593,Centaurium_erythraea_x_Centaurium_littorale_subsp._compressum,species
321348,Centaurium_erythraea_x_Centaurium_littorale,species
242215,Gentianella_amarella_x_Gentianella_bohemica,species
553008,(Gentiana_lawrencei_x_Gentiana_veitchiorum)_x_Gentiana_sp.,species
553039,Gentiana_hexaphylla_x_Gentiana_lawrencei,species
553040,Gentiana_scabra_x_Gentiana_triflora,species
553041,Gentiana_sino-ornata_x_Gentiana_veitchiorum,species
384645,Gentiana_straminea_x_Gentiana_siphonantha,species
2495895,Galium_prattii_x_Galium_blinii,species
2495896,Galium_bungei_x_Galium_yunnanense,species
43502,Hoffmannia_refulgens_x_Hoffmannia_ghiesbreghtii,species
1306199,Mussaenda_pubescens_var._alba_x_Mussaenda_shikokiana,species
1306198,Mussaenda_shikokiana_x_Mussaenda_pubescens_var._alba,species
232092,Coffea_arabica_x_Coffea_canephora,species
413830,Coffea_arabica_x_Coffea_liberica,species
213309,Coffea_congensis_x_Coffea_canephora,species
1165098,(Coffea_congensis_x_Coffea_canephora)_x_Coffea_canephora,species
1565470,Coffea_canephora_x_Coffea_eugenioides,species
1565469,Coffea_eugenioides_x_Coffea_canephora,species
84786,Luculia_gratissima_x_Luculia_tsetensis,species
2594531,Sinningia_muscicola_x_Sinningia_bullata,species
2594530,Sinningia_concinna_x_Sinningia_sellovii,species
2594532,Sinningia_leucotricha_x_Sinningia_iarae,species
2594533,Sinningia_bullata_x_Sinningia_conspicua,species
2594539,Paliavana_sp._x_Sinningia_gerdtiana,species
2594489,Sinningia_conspicua_x_Paliavana_tenuiflora,species
2204158,Primulina_depressa_x_Primulina_danxiaensis,species
2567874,Cyrtandra_longifolia_x_Cyrtandra_kauaiensis,species
2567873,Cyrtandra_hawaiensis_x_Cyrtandra_grayana,species
1346743,Cyrtandra_calpidicarpa_x_Cyrtandra_hawaiensis,species
1937021,Cistanche_phelypaea_x_Cistanche_violacea,species
2203459,Euphrasia_tetraquetra_x_Euphrasia_vigursii,species
2203455,Euphrasia_foulaensis_x_Euphrasia_ostenfeldii,species
2203454,Euphrasia_foulaensis_x_Euphrasia_nemorosa,species
2203449,Euphrasia_arctica_x_Euphrasia_micrantha,species
2203452,Euphrasia_confusa_x_Euphrasia_micrantha,species
2203458,Euphrasia_micrantha_x_Euphrasia_scottica,species
2203453,Euphrasia_foulaensis_x_Euphrasia_marshallii,species
2203457,Euphrasia_micrantha_x_Euphrasia_nemorosa,species
2203451,Euphrasia_arctica_x_Euphrasia_rostkoviana,species
2203448,Euphrasia_arctica_x_Euphrasia_foulaensis,species
2203450,Euphrasia_arctica_x_Euphrasia_nemorosa,species
2203447,Euphrasia_arctica_x_Euphrasia_confusa,species
2203456,Euphrasia_marshallii_x_Euphrasia_micrantha,species
2494553,Erythranthe_pardalis_x_Erythranthe_guttata,species
2065111,Erythranthe_guttata_x_Erythranthe_nasuta,species
51965,Erythranthe_lutea_x_Erythranthe_guttata,species
1238159,Avicennia_marina_x_Avicennia_rumphiana,species
1549863,Ruellia_caroliniensis_x_Ruellia_simplex,species
2307032,Petalidium_halimoides_x_Petalidium_variabile,species
150403,Syringa_microphylla_x_Syringa_meyeri,species
1399548,Fraxinus_angustifolia_x_Fraxinus_excelsior,species
370809,Olea_europaea_subsp._europaea_x_O._europaea_subsp._cuspidata,subspecies
2590584,Callitriche_cophocarpa_x_Callitriche_platycarpa,species
2590583,Callitriche_cophocarpa_x_Callitriche_hamulata,species
2590742,Callitriche_brutia_subsp._brutia_x_Callitriche_brutia_var._naftolskyi,species
2590585,Callitriche_cophocarpa_x_Callitriche_stagnalis,species
1123938,Ourisia_macrocarpa_x_Ourisia_sessilifolia,species
1123937,Ourisia_caespitosa_x_Ourisia_sessilifolia,species
1123943,Ourisia_sessilifolia_x_Ourisia_confertifolia,species
1123944,Ourisia_sessilifolia_x_Ourisia_remotifolia,species
1123942,Ourisia_remotifolia_x_Ourisia_sessilifolia,species
1123934,Ourisia_caespitosa_x_Ourisia_calycina,species
1123935,Ourisia_caespitosa_x_Ourisia_macrocarpa,species
1123936,Ourisia_caespitosa_x_Ourisia_macrophylla_subsp._lactea,species
1748261,Veronica_jacquinii_x_Veronica_orbiculata,species
581116,Veronica_chathamica_x_Veronica_dieffenbachii,species
508209,Veronica_pulvinaris_x_Veronica_hookeri,species
508211,Veronica_chionohebe_x_Veronica_trifida,species
51610,Antirrhinum_majus_x_Antirrhinum_hispanicum,species
1072966,Antirrhinum_majus_x_Antirrhinum_molle,species
752254,Ocimum_bascilicum_x_Ocimum_gratissimum,species
1161400,Plectranthus_hilliardiae_x_Plectranthus_saccatus,species
1945646,Micromeria_lepida_x_Micromeria_pedro-luisii,species
1520123,Salvia_albicaulis_x_Salvia_granitica,species
1520007,Salvia_lanceolata_x_Salvia_africana,species
1933694,Salvia_suffruticosa_x_Salvia_bracteata,species
1268209,Origanum_syriacum_x_Origanum_laevigatum,species
997685,Phlomis_crinita_x_Phlomis_lychnitis,species
997686,Phlomis_lychnitis_x_Phlomis_purpurea,species
1030014,Galeopsis_bifida_x_Galeopsis_tetrahit,species
1030015,Galeopsis_bifida_x_Galeopsis_pubescens,species
141807,Phyllostegia_glabra_x_grandiflora,species
1441387,Paulownia_tomentosa_x_Paulownia_fortunei,species
1274660,Paulownia_fortunei_x_Paulownia_tomentosa,species
1037325,Lithospermum_incisum_x_Lithospermum_mirabile,species
1344464,Onosma_arenaria_x_Onosma_echioides,species
1778332,Pulmonaria_mollis_x_Pulmonaria_obscura,species
1778331,Pulmonaria_angustifolia_x_Pulmonaria_obscura,species
1463680,Mertensia_ciliata_x_Mertensia_perplexa,species
1463682,Mertensia_umbratilis_x_Mertensia_cusickii,species
1463681,Mertensia_oreophila_x_Mertensia_oblongifolia,species
1463678,Mertensia_campanulata_x_Mertensia_oblongifolia,species
1463679,Mertensia_ciliata_x_Mertensia_bakeri,species
691906,Phacelia_minor_x_Phacelia_parryi,species
1242859,Tiedemannia_filiformis_x_Tiedemannia_filiformis_subsp._greenmannii,species
173857,Osmorhiza_berteroi_x_Osmorhiza_occidentalis,species
1913020,Daucus_carota_subsp._sativus_x_Daucus_carota_subsp._carota,subspecies
1472337,Daucus_carota_subsp._capillifolius_x_Daucus_carota,subspecies
2078686,Ilex_cassine_x_Ilex_cassine_subsp._myrtifolia,species
1235869,Nymphoides_aquatica_x_Nymphoides_cordata,species
1269071,Clermontia_grandiflora_x_Clermontia_micrantha,species
1269073,Clermontia_montis-loa_x_Clermontia_parviflora,species
1269072,Clermontia_kakeana_x_Clermontia_micrantha,species
268266,Pratia_angulata_x_Pratia_perpusilla,species
1955307,Campanula_baumgartenii_x_Campanula_rotundifolia,species
19023,Krigia_montana_x_Krigia_biflora,species
1481789,Lactuca_sativa_x_Lactuca_serriola,species
1922235,Notoseris_triflora_x_Notoseris_khasiana,species
1406380,Notoseris_scandens_x_Notoseris_yakoensis,species
1405055,Pilosella_caespitosa_x_Pilosella_aurantiaca,species
1405054,Hieracium_bauhinii_x_Hieracium_pilosella,species
1405056,Hieracium_floribundum_x_Hieracium_pilosella,species
221187,Hieracium_lactucella_x_Hieracium_onegense,species
1405057,Hieracium_iseranum_x_Hieracium_pilosella,species
1405052,Hieracium_aurantiacum_x_Hieracium_lactucella,species
1405053,Hieracium_aurantiacum_x_Hieracium_pilosella,species
2022654,Tolpis_coronopifolia_x_Tolpis_santosii,species
125629,Cichorium_intybus_x_Cichorium_endivia,species
1632791,Helminthotheca_aculeata_subsp._maroccana_x_Helminthotheca_comosa,species
463618,Paranephelius_ovatus_x_Paranephelius_uniflorus,species
1569384,Paralychnophora_bicolor_x_Paralychnophora_patriciana,species
1569387,Eremanthus_capitatus_x_Paralychnophora_reflexoauriculata,species
1569389,Eremanthus_erythropappus_x_Piptolepis_ericoides,species
1570324,Piptolepis_ericoides_x_Eremanthus_erythropappus,species
2303950,Centaurea_emigrantis_x_Centaurea_linifolia,species
1436121,Centaurea_jacea_x_Centaurea_phrygia,species
125319,Centaurea_alba_x_Centaurea_stoebe,species
1809698,Carthamus_tinctorius_x_Carthamus_persicus,species
1664065,Carduus_acanthoides_x_Carduus_nutans,species
554173,Cousinia_chrysochlora_x_Cousinia_eryngioides,species
554174,Cousinia_shahvarica_x_Cousinia_decumbens,species
334519,Atractylodes_lancea_x_Atractylodes_chinensis,species
1268882,Senecio_doria_x_Senecio_pyrenaicus,species
2174514,Senecio_minimus_x_Senecio_glomeratus,species
1243768,Senecio_aethnensis_x_Senecio_chrysanthemifolius,species
2174513,Senecio_lautus_x_Senecio_repangae_subsp._pokohinuensis,species
1269244,Senecio_provincialis_x_Senecio_lagascanus,species
627598,Crassocephalum_crepidioides_x_Crassocephalum_rubens,species
317264,Cineraria_glandulosa_x_Cineraria_atriplicifolia,species
2020485,Petasites_japonicus_x_Petasites_pyrenaicus,species
2094118,Ligularia_vellerea_x_Ligularia_subspicata,species
1591227,Ligularia_cymbulifera_x_Ligularia_tongolensis,species
1164852,Ligularia_nelumbifolia_x_Ligularia_subspicata,species
341255,Ligularia_paradoxa_x_Ligularia_duciformis,species
2483066,Ligularia_nelumbifolia_x_Cremanthodium_stenoglossum,species
512027,Achillea_asplenifolia_x_Achillea_collina,species
512028,Achillea_setacea_x_Achillea_collina,species
2002948,Leucanthemum_ageratifolium_x_Leucanthemum_vulgare,species
2002949,Leucanthemum_legraeanum_x_Leucanthemum_vulgare,species
2002951,Leucanthemum_monspeliense_x_Leucanthemum_vulgare,species
2002950,Leucanthemum_ligusticum_x_Leucanthemum_vulgare,species
2597262,Rhodanthemum_sp._FW-2019a_x_Rhodanthemum_sp._FW-2019b,species
1938581,Leptinella_nana_x_Leptinella_minor,species
1193152,Leptinella_squalida_subsp._mediana_x_Leptinella_dioica_subsp._dioica,species
1484042,Calendula_suffruticosa_subsp._fulgida_x_Calendula_incana_subsp._maritima,species
210018,Leucogenes_leontopodium_x_Raoulia_rubra,species
2606408,Helichrysum_petiolare_x_Helichrysum_foetidum,species
1113533,Helichrysum_orientale_x_Helichrysum_stoechas,species
1452954,Argyrotegium_mackayi_x_Leucogenes_leontopodium,species
544312,Arnica_gracilis_x_Arnica_longifolia,species
980001,Bidens_menziesii_subsp._filiformis_x_Bidens_micrantha_subsp._ctenophyla,species
51287,Bidens_populifolia_x_Bidens_conjuncta,species
51285,Bidens_hillebrandiana_subsp._polycephala_x_Bidens_cosmoides,species
520112,Eupatorium_album_x_Eupatorium_hyssopifolium,species
520113,Eupatorium_album_x_Eupatorium_lancifolium,species
505275,Echinacea_paradoxa_x_Echinacea_pallida,species
505276,Echinacea_paradoxa_x_Echinacea_simulata,species
1312851,Helianthus_annuus_x_Helianthus_petiolaris,species
187455,Helianthus_annuus_x_Helianthus_argophyllus,species
193314,Helianthus_annuus_x_Helianthus_debilis_subsp._debilis,species
2584715,Helianthus_divaricatus_x_Helianthus_microcephalus,species
1117038,Sphagneticola_calendulacea_x_Sphagneticola_trilobata,species
2126673,Sanvitalia_angustifolia_x_Sanvitalia_ocymoides,species
535272,Vitis_pseudoreticulata_x_Vitis_vinifera,species
651388,Vitis_labrusca_x_Vitis_riparia,species
1239943,Vitis_labrusca_x_Vitis_vulpina,species
1197939,Vitis_mustangensis_x_Vitis_riparia,species
546105,Vitis_ficifolia_var._ganebu_x_Vitis_vinifera,species
2291730,Vitis_vinifera_x_Vitis_rotundifolia,species
2018007,Vitis_riparia_x_Vitis_cinerea,species
226013,Vitis_cinerea_x_Vitis_rupestris,species
152275,Vitis_riparia_x_Vitis_rupestris,species
651387,Vitis_rupestris_x_Vitis_vinifera,species
1197940,Vitis_aestivalis_x_Vitis_vinifera,species
1745941,Vitis_vinifera_x_Vitis_riparia,species
266788,Vitis_cinerea_x_Vitis_riparia,species
152273,Vitis_cinerea_var._helleri_x_Vitis_vinifera,species
104324,Vitis_cinerea_var._helleri_x_Vitis_rupestris,species
2599122,Vitis_x_labruscana_x_Vitis_vinifera,species
105599,Vitis_labrusca_x_Vitis_vinifera,species
152274,Vitis_cinerea_var._helleri_x_Vitis_riparia,species
1579531,Vitis_davidii_x_Vitis_vinifera,species
1501123,Vitis_x_champinii_x_Vitis_riparia,species
1417298,(Vitis_vinifera_x_Vitis_berlandieri)_x_Vitis_berlandieri,species
326438,Vitis_arizonica_x_Vitis_rupestris,species
2510619,Vitis_vinifera_x_Vitis_girdiana,species
426263,Epilobium_nummulariifolium_x_Epilobium_microphyllum,species
497759,Oenothera_biennis_x_Oenothera_glazioviana,species
2364938,Miconia_hyemalis_x_Miconia_lymanii,species
1987496,Melastoma_dodecandrum_x_Melastoma_malabathricum,species
1987495,Melastoma_dodecandrum_x_Melastoma_normale,species
2109895,Melastoma_sanguineum_x_Melastoma_dendrisetosum,species
2109894,Melastoma_candidum_x_Melastoma_penicillatum,species
2587780,Melastoma_beccarianum_x_Melastoma_malabathricum,species
2506514,Metrosideros_excelsa_x_Metrosideros_kermadecensis,species
2506515,Metrosideros_bartlettii_x_Metrosideros_robusta,species
2506516,Metrosideros_collina_x_Metrosideros_excelsa,species
2506513,Metrosideros_excelsa_x_Metrosideros_robusta,species
1629597,Eucalyptus_sabulosa_x_Eucalyptus_viminalis_subsp._cygnetensis,species
2660566,Eucalyptus_albens_x_Eucalyptus_microcarpa,species
765255,Eucalyptus_urophylla_x_Eucalyptus_grandis,species
1225879,Eucalyptus_baxteri_x_Eucalyptus_serraensis,species
192399,Eucalyptus_grandis_x_Eucalyptus_urophylla,species
2660565,Eucalyptus_sideroxylon_x_Eucalyptus_moluccana,species
1225880,Eucalyptus_baxteri_x_Eucalyptus_verrucata,species
458148,Eucalyptus_camaldulensis_x_Eucalyptus_globulus,species
538997,Eucalyptus_camaldulensis_x_Eucalyptus_grandis,species
2660567,Eucalyptus_sideroxylon_x_Eucalyptus_melliodora,species
298905,Eucalyptus_grandis_x_Eucalyptus_nitens,species
1225881,Eucalyptus_baxteri_x_Eucalyptus_victoriana,species
2660564,Eucalyptus_sideroxylon_x_Eucalyptus_microcarpa,species
2506504,Syzygium_australe_x_Syzygium_paniculatum,species
2506505,Lophomyrtus_bullata_x_Lophomyrtus_orbcordata,species
295143,Kunzea_sinclairii_x_Leptospermum_scoparium,species
516029,Sonneratia_griffithii_x_Sonneratia_alba,species
2259058,Sonneratia_alba_x_Sonneratia_apetala,species
1136280,Pistacia_atlantica_x_Pistacia_vera,species
1790099,Spondias_purpurea_x_Spondias_tuberosa,species
1790096,Spondias_mombin_x_Spondias_bahiensis,species
1790097,Spondias_mombin_x_Spondias_tuberosa,species
1790100,Spondias_bahiensis_x_Spondias_venulosa,species
1790098,Spondias_purpurea_x_Spondias_mombin,species
322032,Aesculus_hippocastanum_x_Aesculus_turbinata,species
322037,Aesculus_pavia_x_Aesculus_sylvatica_var._pubescens,species
322033,Aesculus_glabra_var._arguta_x_Aesculus_pavia,species
322039,Aesculus_flava_x_Aesculus_sylvatica,species
322031,Aesculus_parviflora_f._serotina_x_Aesculus_pavia,species
322029,Aesculus_pavia_x_Aesculus_sylvatica,species
322030,Aesculus_glabra_var._arguta_x_Aesculus_parviflora,species
322038,Aesculus_flava_x_Aesculus_pavia,species
322035,Aesculus_parviflora_f._serotina_x_Aesculus_parviflora,species
322036,Aesculus_glabra_var._arguta_x_Aesculus_sylvatica_var._pubescens,species
171201,Acer_pictum_subsp._mono_x_Acer_truncatum,species
206422,Citrus_maxima_x_Citrus_trifoliata,species
679626,Citrus_limon_x_Citrus_reticulata,species
105581,Citrus_sinensis_x_Citrus_trifoliata,species
2211363,Citrus_unshiu_x_Citrus_sinensis,species
2116460,Citrus_aurantiifolia_x_Citrus_japonica_var._margarita,species
552470,Citrus_nobilis_x_Citrus_kinokuni,species
662765,Citrus_maxima_x_Citrus_paradisi,species
2529357,Citrus_maxima_x_(Citrus_limonia_x_Citrus_maxima),species
197943,Citrus_cv._Murcott_x_Citrus_aurantium,species
713889,Citrus_sunki_x_Citrus_trifoloata,species
1056106,Citrus_aurantiifolia_x_Citrus_reticulata,species
322160,Citrus_reticulata_x_Citrus_temple,species
307631,Citrus_clementina_x_Citrus_tangerina,species
1868278,(Citrus_unshiu_x_Citrus_sinensis)_x_Citrus_reticulata,species
558540,Citrus_reticulata_x_Citrus_unshiu,species
2045455,Citrus_glauca_x_Citrus_sinensis,species
341935,Citrus_x_paradisi_x_Citrus_sinensis,species
418149,Citrus_maxima_x_Citrus_medica,species
136400,Citrus_sinensis_x_Citrus_reticulata,species
93374,Citrus_clementina_x_Citrus_reticulata,species
1084239,Citrus_reticulata_x_Citrus_sinensis,species
309804,Citrus_x_paradisi_x_Citrus_trifoliata,species
941396,Citrus_reticulata_x_Citrus_trifoliata,species
1928916,Citrus_clementina_x_Citrus_x_tangelo,species
416182,x_Citrofortunella_sp._x_Microcitrus_australasica,species
1825679,Correa_aemula_x_Correa_reflexa,species
1825680,Correa_reflexa_x_Correa_backhouseana,species
82396,Fremontodendron_californicum_x_Fremontodendron_mexicanum,species
861189,Gossypium_barbadense_x_Gossypium_hirsutum,species
1217830,Gossypium_arboreum_x_Gossypium_raimondii,species
42145,Gossypium_arboreum_x_Gossypium_thurberi,species
1041419,Palaua_dissecta_x_Palaua_tomentosa,species
1663612,Kosteletzkya_grantii_x_Kosteletzkya_adoensis,species
703521,Hoheria_angustifolia_x_Hoheria_sexstylosa,species
992239,Plagianthus_regius_x_Plagianthus_divaricatus,species
210856,Sidalcea_oregana_subsp._oregana_x_Sidalcea_asprella,species
148912,Sidalcea_malviflora_x_Sidalcea_oregana,species
1522961,Tilia_americana_x_Tilia_x_moltkei,species
1048632,Cistus_albidus_x_Cistus_heterophyllus,species
887053,Shorea_leprosula_x_Shorea_parvifolia,species
887054,Shorea_curtisii_x_Shorea_parvifolia,species
887052,Shorea_curtisii_x_Shorea_leprosula,species
1484687,Boechera_retrofracta_x_Boechera_stricta,species
649184,Boechera_retrofracta_x_Boechera_spatifolia,species
228774,Cardamine_amporitana_x_Cardamine_apennina,species
426463,Cardamine_raphanifolia_x_Cardamine_pratensis,species
574960,Rorippa_amphibia_x_Rorippa_sylvestris,species
2594904,Arabis_nemorensis_x_Arabis_sagittata,species
1525821,Arabis_cypria_x_Arabis_purpurea,species
571349,Arabis_procurrens_x_Arabis_scopoliana,species
1763578,Brassica_rapa_subsp._oleifera_x_Raphanus_sativus,species
1752062,Brassica_rapa_subsp._pekinensis_x_Raphanus_sativus,species
1417620,Brassica_rapa_x_Raphanus_sativus,species
418795,Brassica_oleracea_var._capitata_x_Raphanus_sativus,species
1897650,Brassica_juncea_x_Brassica_oxyrrhina,species
1324865,Brassica_carinata_x_Brassica_rapa,species
1550246,Brassica_rapa_x_Brassica_nigra,species
442485,Brassica_oleracea_x_Brassica_rapa_subsp._pekinensis,species
396321,Brassica_juncea_x_Brassica_napus,species
913332,Brassica_napus_x_Brassica_rapa,species
1840726,Brassica_juncea_x_Brassica_oleracea,species
1569591,Brassica_carinata_x_Brassica_napus,species
1028570,Raphanus_raphanistrum_x_Raphanus_sativus,species
1328956,(Arabidopsis_thaliana_x_Arabidopsis_arenosa)_x_Arabidopsis_suecica,species
2486701,Arabidopsis_lyrata_x_Arabidopsis_halleri,species
1837063,Arabidopsis_thaliana_x_Arabidopsis_halleri,species
869751,Arabidopsis_thaliana_x_Arabidopsis_halleri_subsp._gemmifera,species
1240361,Arabidopsis_thaliana_x_Arabidopsis_arenosa,species
378006,Arabidopsis_arenosa_x_Arabidopsis_thaliana,species
869750,Arabidopsis_thaliana_x_Arabidopsis_lyrata,species
2608267,Arabidopsis_arenosa_x_Arabidopsis_lyrata,species
2589364,Capsella_orientalis_x_Capsella_grandiflora,species
1072689,Capsella_grandiflora_x_Capsella_rubella,species
326762,Tropaeolum_rhomboideum_x_Tropaeolum_tricolor,species
432290,Juglans_hindsii_x_Juglans_regia,species
1441050,Juglans_sigillata_x_Juglans_regia,species
92446,Juglans_nigra_x_Juglans_regia,species
2249226,Juglans_microcarpa_x_Juglans_regia,species
1141591,Juglans_major_x_Juglans_regia,species
1470995,Juglans_mandshurica_x_Juglans_regia,species
2044474,Carya_illinoinensis_x_Carya_x_laneyi,species
1677736,Betula_pubescens_x_Betula_nana,species
2218489,Betula_ovalifolia_x_Betula_ermanii,species
1780276,Corylus_avellana_x_Corylus_heterophylla,species
2044890,Corylus_heterophylla_x_Corylus_avellana,species
740970,Castanea_dentata_x_Castanea_mollissima,species
889467,Quercus_robur_x_Quercus_robur_subsp._pedunculiflora,species
2078684,Quercus_laevis_x_Quercus_incana,species
2078683,Quercus_laevis_x_Quercus_hemisphaerica,species
2315732,Quercus_berberidifolia_x_Quercus_engelmannii,species
1969802,Quercus_cerris_x_Quercus_suber,species
2078682,Quercus_incana_x_Quercus_laevis,species
2078685,Quercus_nigra_x_Quercus_hemisphaerica,species
889466,Quercus_dalechampii_x_Quercus_robur,species
568678,Quercus_suber_x_Quercus_trojana,species
2315731,Quercus_cornelius-mulleri_x_Quercus_berberidifolia,species
594548,Casuarina_glauca_x_Casuarina_equisetifolia,species
473038,Ixonanthes_icosandra_x_Ixonanthes_cuneata,species
1333496,Rhizophora_mucronata_x_Rhizophora_stylosa,species
80863,Populus_tremula_x_Populus_alba,species
3695,Populus_trichocarpa_x_Populus_deltoides,species
444605,Populus_alba_x_Populus_x_berolinensis,species
327893,Populus_alba_x_Populus_alba_var._pyramidalis,species
1175503,Populus_deltoides_x_Populus_tremuloides,species
1304939,Populus_simonii_x_(Populus_nigra_x_Salix_matsudana),species
273903,Populus_deltoides_x_Populus_maximowiczii,species
1550601,Populus_davidiana_x_Populus_alba_var._pyramidalis,species
352374,Populus_fremontii_x_Populus_angustifolia,species
34292,Populus_sieboldii_x_Populus_grandidentata,species
1609943,Populus_deltoides_x_Populus_simonii,species
343990,Populus_maximowiczii_x_Populus_nigra,species
47664,Populus_tremula_x_Populus_tremuloides,species
1030010,Populus_deltoides_x_Populus_x_canadensis,species
1001135,Populus_nigra_x_Populus_x_canadensis,species
153471,Populus_alba_x_Populus_glandulosa,species
248389,Populus_alba_x_Populus_tremuloides,species
228933,Populus_alba_x_Populus_grandidentata,species
328805,(Populus_tomentosa_x_Populus_bolleana)_x_Populus_tomentosa_var._truncata,species
293756,Populus_trichocarpa_x_Populus_nigra,species
1335558,(Populus_alba_x_Populus_glandulosa)_x_Populus_tomentosa,species
1837952,Populus_nigra_x_(Populus_deltoids_x_Populus_nigra),species
418444,(Populus_tomentosa_x_Populus_bolleana)_x_Populus_tomentosa,species
56424,Populus_maximowiczii_x_Populus_trichocarpa,species
1720540,Salix_viminalis_x_(Salix_viminalis_x_Salix_schwerinii),species
1510616,Salix_glauca_x_Salix_brachycarpa,species
2071391,Salix_rotundifolia_x_Salix_phlebophylla,species
988323,Salix_miyabeana_x_Salix_viminalis,species
1697156,Salix_purpurea_x_Salix_miyabeana,species
717501,Salix_caprea_x_Salix_cinerea,species
717493,Salix_alba_x_Salix_pentandra,species
1510617,Salix_interior_x_Salix_eriocephala,species
717497,Salix_aurita_x_Salix_repens_subsp._repens,species
1112090,Salix_viminalis_x_Salix_schwerinii,species
1539877,Salix_discolor_x_Salix_eriocephala,species
1510613,Salix_alaxensis_x_Salix_drummondiana,species
2080738,Salix_purpurea_x_Salix_helvetica,species
1510614,Salix_amygdaloides_x_Salix_gooddingii,species
717500,Salix_myrtilloides_x_Salix_repens_subsp._repens,species
1244585,Salix_triandra_x_Salix_viminalis,species
717499,Salix_myrsinifolia_x_Salix_phylicifolia,species
717495,Salix_aurita_x_Salix_cinerea_x_Salix_myrsinifolia,species
1244584,Salix_schwerinii_x_Salix_viminalis,species
1510615,Salix_arctica_x_Salix_glauca,species
717494,Salix_aurita_x_Salix_caprea,species
1510618,Salix_interior_x_Salix_petiolaris,species
717498,Salix_herbacea_x_Salix_polaris,species
717496,Salix_aurita_x_Salix_myrtilloides,species
1301433,Salix_arctica_x_Salix_polaris,species
526190,Euphorbia_virgata_x_Euphorbia_esula,species
526189,Euphorbia_cyparissias_x_Euphorbia_esula,species
336956,Hevea_brasiliensis_x_Hevea_benthamiana,species
1381933,Jatropha_curcas_x_Jatropha_integerrima,species
1370104,Manihot_esculenta_x_Manihot_glaziovii,species
197594,Mercurialis_corsica_x_Mercurialis_elliptica,species
197595,Mercurialis_elliptica_x_Mercurialis_reverchonii,species
369410,Macaranga_gigantea_x_Macaranga_pruinosa,species
1044901,Turnera_subulata_x_(Turnera_subulata_x_Turnera_krapovickasii),species
745315,Turnera_subulata_x_Turnera_krapovickasii,species
356325,Passiflora_incarnata_x_Passiflora_sprucei,species
338880,Passiflora_coriacea_x_Passiflora_xiikzodz,species
356323,Passiflora_foetida_x_Passiflora_palmeri,species
356324,Passiflora_cincinnata_x_Passiflora_incarnata,species
232205,Passiflora_actinia_x_Passiflora_elegans,species
336471,Viola_chaerophylloides_x_Viola_x_takahashii,species
1711678,Viola_rostrata_var._japonica_x_Viola_violacea_var._makinoi,species
1245788,Viola_chaerophylloides_var._sieboldiana_x_Viola_eizanensis,species
336470,Viola_albida_x_Viola_x_takahashii,species
875468,Viola_caspia_x_Viola_reichenbachiana,species
1245789,Viola_eizanensis_x_Viola_chaerophylloides_var._sieboldiana,species
433968,Citrullus_colocynthis_x_Citrullus_lanatus_var._lanatus,species
929742,Coccinia_grandis_x_Coccinia_pwaniensis,species
454233,Cucumis_melo_x_Cucurbita_moschata,species
300823,Cucurbita_pepo_var._texana_x_subsp._fraterna,varietas
300824,Cucurbita_pepo_subsp._ovifera_x_subsp._fraterna,subspecies
334420,Cucurbita_maxima_x_Cucurbita_moschata,species
1535199,Begonia_hemsleyana_x_Begonia_macrotoma,species
1777872,Begonia_chitoensis_x_Begonia_longifolia,species
209579,Begonia_prostrata_x_Begonia_silletensis,species
1777876,Begonia_taiwaniana_x_Begonia_longifolia,species
3682,Begonia_metallica_x_Begonia_sanguinea,species
2605299,Begonia_socotrana_x_Begonia_dregei,species
1777874,Begonia_longifolia_x_Begonia_palmata,species
2005749,Parasponia_andersonii_x_Trema_tomentosa,species
1500042,Hippophae_gyantsensis_x_Hippophae_neurocarpa_subsp._stellatopilosa,species
672069,Hippophae_neurocarpa_x_Hippophae_tibetana,species
547796,Prunus_persica_x_Prunus_persica_var._nucipersica,no_rank
1081492,Prunus_persica_x_Prunus_dulcis,species
1431458,Prunus_scoparia_x_Prunus_eburnea,species
2518595,Prunus_yedoensis_x_Prunus_campanulata,species
1181296,Prunus_avium_x_Prunus_pseudocerasus,species
472390,Prunus_dulcis_x_Prunus_persica,species
1431457,Prunus_scoparia_x_Prunus_elaeagrifolia,species
1046628,Prunus_persica_x_Prunus_ferganensis,species
2518604,Prunus_incisa_x_Prunus_speciosa,species
549208,Prunus_canescens_x_Prunus_cerasus,species
349168,Prunus_avium_x_P._cerasus_x_P._canescens,species
1431459,Prunus_scoparia_x_Prunus_haussknechtii,species
374398,Prunus_davidiana_x_Prunus_persica,species
2107764,Prunus_brigantina_x_Prunus_cerasifera,species
381902,Prunus_cerasifera_x_Prunus_munsoniana,species
1759535,Prunus_cerasus_x_Prunus_canescens,species
2315775,Prunus_cerasifera_x_Prunus_dulcis,species
2518305,Prunus_incisa_x_Prunus_campanulata,species
2315771,(Prunus_persica_x_Prunus_davidiana)_x_(Prunus_dulcis_x_Prunus_persica),species
339852,Malus_domestica_x_Malus_sieversii,species
1479477,Malus_sieboldii_x_Malus_spectabilis,species
1479478,Malus_sargenti_x_Malus_niedzwetzkyana,species
1379479,Malus_domestica_x_Malus_fusca,species
1297389,Malus_domestica_x_Malus_honanensis,species
28521,Malus_domestica_x_Pyrus_communis,species
1781214,Malus_prunifolia_x_Malus_pumila,species
2006075,Cotoneaster_dielsianus_x_Cotoneaster_glaucophyllus,species
2587782,Malus_domestica_x_(Pyrus_pyrifolia_x_Pyrus_communis),species
633654,Pyrus_communis_x_Pyrus_pyrifolia,species
561258,Pyrus_x_bretschneideri_x_Pyrus_communis,species
2588587,Pyrus_pyrifolia_x_Pyrus_communis,species
1663675,Pyrus_x_bretschneideri_x_Pyrus_pyrifolia,species
352373,Pyrus_communis_x_Pyrus_ussuriensis,species
2448454,Pyrus_ussuriensis_x_Pyrus_communis,species
1286304,Crataegus_monogyna_x_Crataegus_punctata,species
1286305,Crataegus_monogyna_x_Crataegus_suksdorfii,species
1638378,Crataegus_mollis_x_Crataegus_viridis,species
52544,Amelanchier_sp._'erecta'_x_Amelanchier_laevis,species
2045008,Amelanchier_alnifolia_var._semiintegrifolia_x_Amelanchier_cusickii,species
2080248,Amelanchier_spicata_x_Amelanchier_alnifolia,species
52541,Amelanchier_bartramiana_x_Amelanchier_sp._'dentata',species
1763601,Dryas_integrifolia_x_Dryas_octopetala,species
1080142,Rosa_chinensis_x_Rosa_moschata,species
267224,Rosa_alba_x_Rosa_corymbifera,species
2056078,Rosa_nitida_x_Rosa_rugosa,species
1133298,Rosa_rugosa_x_Rosa_sertata,species
2508182,Rosa_chinensis_x_Rosa_lucieae,species
267225,Rosa_gallica_x_Rosa_dumetorum,species
2497802,Rubus_ursinus_x_Rubus_armeniacus,species
1546365,Rubus_canescens_x_Rubus_sanctus,species
1546364,Rubus_canescens_x_Rubus_ulmifolius,species
168320,Rubus_caesius_x_Rubus_idaeus,species
1970131,Rubus_bifrons_x_Rubus_sp._Glandulosi_R25/08,species
1970132,Rubus_bifrons_x_Rubus_sp._Glandulosi_R31/08,species
1970133,Rubus_bifrons_x_Rubus_sp._Glandulosi_R35/08,species
1970129,Rubus_bifrons_x_Rubus_sp._Glandulosi_R14/08,species
1546363,Rubus_bifrons_x_Rubus_sp._Glandulosi_MS-2014,species
1970130,Rubus_bifrons_x_Rubus_sp._Glandulosi_R140/09,species
209395,Rubus_hawaiensis_x_Rubus_rosifolius,species
1546362,Rubus_canescens_x_Rubus_crispomarginatus,species
1546366,Rubus_idaeus_x_Rubus_caesius,species
1546368,Rubus_ulmifolius_x_Rubus_caesius,species
519942,Rubus_ulmifolius_var._inermis_x_Rubus_thyrsiger,species
550824,Cliffortia_dregeana_x_Cliffortia_pungens,species
550825,Cliffortia_juniperina_x_Cliffortia_ruscifolia,species
555757,Cliffortia_ruscifolia_x_Cliffortia_integerrima,species
550828,Cliffortia_ruscifolia_x_Cliffortia_theodori-friesii,species
550826,Cliffortia_neglecta_x_Cliffortia_tuberculata,species
555758,Cliffortia_ruscifolia_x_Cliffortia_teretifolia,species
550827,Cliffortia_odorata_x_Cliffortia_theodori-friesii,species
1016824,Potentilla_pusilla_x_Potentilla_thuringiaca,species
667202,Potentilla_argentea_x_Potentilla_inclinata,species
599650,Fragaria_vesca_x_Fragaria_nubicola,species
2057814,Milicia_regia_x_Milicia_excelsa,species
2304666,Artocarpus_heterophyllus_x_Artocarpus_integer,species
2219698,Artocarpus_integer_x_Artocarpus_heterophyllus,species
1727130,Artocarpus_altilis_x_Artocarpus_mariannensis,species
2601404,Ficus_carica_x_Ficus_erecta,species
1736113,Broussonetia_kazinoki_x_Broussonetia_papyrifera,species
2653506,Morus_macroura_x_Morus_indica,species
873450,Morus_alba_x_Morus_rubra,species
1434888,Morus_rubra_x_Morus_alba,species
1631754,Polygala_rugelii_x_Polygala_lutea,species
1631753,Polygala_balduinii_x_Polygala_ramosa,species
715468,Cicer_arietinum_x_Cicer_reticulatum,species
2493697,Cicer_arietinum_x_Cicer_echinospermum,species
1340896,Glycyrrhiza_glabra_x_Glycyrrhiza_uralensis,species
263725,Medicago_sativa_subsp._x_tunetana_Murb.,subspecies
36902,Medicago_sativa_subsp._x_hemicycla_(Grossh.)_C.R.Gunn,subspecies
329388,Medicago_sativa_subsp._x_gaetula_Urb.,subspecies
2315258,Lotus_frondosus_x_Lotus_stepposus,species
2486666,Anthyllis_barba-jovis_x_Anthyllis_hermanniae,species
2083065,Anthyllis_barba-jovis_x_Anthyllis_hermanniae_subsp._corsica,species
797722,Dorycnium_pentaphyllum_x_Dorycnium_pentaphyllum_subsp._fulgurans,species
1569879,Vigna_angularis_var._angularis_x_Vigna_nakashimae,species
1298722,Glycine_max_x_Glycine_soja,species
1927711,Sophora_microphylla_x_Sophora_chathamica,species
383605,Calpurnia_sericea_x_Calpurnia_woodii,species
692149,Adenocarpus_hispanicus_x_Adenocarpus_argyrophyllus,species
692151,Adenocarpus_aureus_x_Adenocarpus_lainzii,species
692150,Adenocarpus_aureus_x_Adenocarpus_complicatus,species
176332,Cytisus_striatus_x_Cytisus_multiflorus,species
988322,cf._Genista_monspessulana_x_Genista_stenopetala_AK-2011,species
1965245,Arachis_ipaensis_x_Arachis_duranensis,species
344004,Arachis_glabrata_x_Arachis_hypogaea,species
1089535,Arachis_ipaensis_x_Arachis_magna,species
1890682,Arachis_batizocoi_x_(Arachis_cardenasii_x_Arachis_diogoi),species
1089240,Arachis_duranensis_x_Arachis_stenosperma,species
1088871,Arachis_stenosperma_x_Arachis_cardenasii,species
2582990,Arachis_sp._'chacoense'_x_Arachis_diogoi,species
54177,Acacia_auriculiformis_x_Acacia_mangium,species
245789,Hoffmannseggia_erecta_x_Hoffmannseggia_trifoliata,species
798596,Schotia_latifolia_x_Schotia_afra,species
254971,Calochortus_nudus_x_Calochortus_minimus,species
1843189,Notholirion_bulbuliferum_x_Notholirion_campanulatum,species
1699196,Gagea_almaatensis_x_Gagea_kuraminica,species
1699197,Gagea_kuraminica_x_Gagea_almaatensis,species
1405450,Trillium_erectum_x_Trillium_flexipes,species
2056234,(Agave_angustifolia_x_Agave_amaniensis)_x_Agave_amaniensis,species
1878943,Yucca_brevifolia_x_Yucca_jaegeriana,species
1932921,Allium_tulipifolium_x_Allium_robustum,species
1572298,Allium_canadense_var._mobilense_x_Allium_canadense_var._fraseri,varietas
415141,Allium_vavilovii_x_Allium_cepa,species
1932920,Allium_robustum_x_Allium_tulipifolium,species
2078681,Crinum_moorei_x_Crinum_ornatum,species
527286,Crinum_acaule_x_Crinum_glaucum,species
2382137,Lycoris_aurea_x_Lycoris_radiata,species
317649,Lycoris_chinensis_x_Lycoris_sprengeri,species
317648,Lycoris_chinensis_x_Lycoris_radiata_var._pumila,species
717934,Galanthus_rizehensis_x_Galanthus_woronowii,species
1175243,Galanthus_nivalis_x_Galanthus_x_valentinei,species
1695145,Narcissus_triandrus_x_Narcissus_bulbocodium,species
1695144,Narcissus_rupicola_x_Narcissus_triandrus,species
1681213,Narcissus_asturiensis_x_Narcissus_obesus,species
1695135,Narcissus_cuatrecasasii_x_Narcissus_triandrus,species
1695136,Narcissus_fernandesii_x_Narcissus_papyraceus,species
1695949,Narcissus_obesus_x_Narcissus_calcicola,species
234944,Iris_brevicaulis_x_Iris_fulva,species
1265915,Iris_sari_x_Iris_schachtii,species
1265914,Iris_sari_x_Iris_albicans,species
1265913,Iris_purpureobractea_x_Iris_schachtii,species
1265912,Iris_germanica_x_Iris_schachtii,species
1265911,Iris_germanica_x_Iris_albicans,species
1607748,Gladiolus_imbricatus_x_Gladiolus_palustris,species
1432683,Aloe_succotrina_x_Aloiampelos_ciliaris,species
366674,Hemerocallis_fulva_x_Hemerocallis_citrina,species
2502914,Spiranthes_australis_x_Spiranthes_sinensis,species
1954563,Anacamptis_coriophora_x_Dactylorhiza_umbrosa,species
337431,Dactylorhiza_fuchsii_x_Dactylorhiza_incarnata,species
1158824,Ophrys_sphegodes_x_Ophrys_x_arachnitiformis_subsp._archipelagi,species
1260926,Ophrys_apifera_x_Ophrys_insectifera,species
582708,Pterygodium_acutifolium_x_Pterygodium_catholicum,species
585854,Gomesa_lietzei_x_Gomesa_cornigera,species
90892,Oncidium_cheirophorum_x_Oncidium_ornithorhynchum,species
2108063,Cymbidium_sinense_x_Cymbidium_lancifolium,species
1424664,Angraecum_bracteosum_x_Angraecum_striatum,species
2028573,Vanda_limbata_x_Vanda_testacea,species
420342,Papilionanthe_hookeriana_x_Papilionanthe_teres,species
86511,Doritis_pulcherrima_x_Phalaenopsis_equestris,species
1692269,Phalaenopsis_celebensis_x_Phalaenopsis_equestris,species
576364,Phalaenopsis_parishii_x_Phalaenopsis_pulcherrima,species
2505974,Phalaenopsis_aphrodite_x_Phalaenopsis_amabilis,species
2219872,Phalaenopsis_buyssoniana_x_Phalaenopsis_pulcherrima_x_Phalaenopsis_sp._PR-2018,species
204236,x_Mokara_cv._'Yellow',species
1632125,Laelia_halbingeriana_x_Laelia_anceps,species
1632130,Encyclia_rzedowskiana_x_Encyclia_cordigera,species
1632129,Encyclia_nematocaulon_x_Encyclia_bractescens,species
1632128,Encyclia_cordigera_x_Encyclia_selligera,species
1632127,Encyclia_cordigera_x_Encyclia_hanburyi,species
1321956,Epidendrum_cochlidium_x_Epidendrum_schistochilum,species
1417794,Epidendrum_madsenii_x_Epidendrum_rhopalostele,species
1401833,Epidendrum_madsenii_x_Epidendrum_falcisepalum,species
1321954,Epidendrum_calanthum_x_Epidendrum_cochlidium,species
1321955,Epidendrum_calanthum_x_Epidendrum_schistochilum,species
194496,Pleione_chunii_x_Pleione_hookeriana,species
1675670,Dendrobium_scabrilingue_x_Dendrobium_ellipsophyllum,species
1608503,Dendrobium_gouldii_x_Dendrobium_phalaenopsis,species
2588550,Vanilla_planifolia_x_Vanilla_pompona,species
669910,cf._Vanilla_bahiana_x_Vanilla_tahitensis_AB-2009,species
669908,Vanilla_planifolia_x_Vanilla_tahitensis,species
232839,Paphiopedilum_philippinense_x_Paphiopedilum_stonei,species
1841617,Paphiopedilum_godefroyae_x_Paphiopedilum_niveum,species
232840,Paphiopedilum_kolopakingii_x_Paphiopedilum_sanderianum,species
232838,Paphiopedilum_'Dark_Roller'_x_Paphiopedilum_rothschildianum,no_rank
1000412,Paphiopedilum_spicerianum_x_Paphiopedilum_venustum,species
297280,Paphiopedilum_bellatulum_x_Paphiopedilum_delenatii,species
1510009,Paphiopedilum_callosum_x_Paphiopedilum_lawrenceanum,species
232841,Paphiopedilum_delenatii_x_Paphiopedilum_emersonii,species
1679538,Elaeis_oleifera_x_Elaeis_guineensis,species
1176936,Geonoma_brongniartii_x_Geonoma_deversa,species
1692268,Vriesea_carinata_x_Vriesea_incurvata,species
2602912,Vriesea_carinata_x_Vriesea_ensiformis,species
679715,Guzmania_wittmackii_x_Guzmania_lingulata,species
1132833,Panicum_hallii_var._filipes_x_Panicum_hallii_var._hallii,varietas
2009206,Setaria_italica_x_Setaria_viridis,species
595544,Cenchrus_americanus_x_Cenchrus_purpureus,species
404567,Cenchrus_americanus_x_Cenchrus_squamulatus,species
873065,Cenchrus_americanus_x_Cenchrus_orientalis,species
2078732,Dichanthelium_laxiflorum_x_Dichanthelium_portoricense,species
2078722,Dichanthelium_aciculare_x_Dichanthelium_portoricense,species
2024909,Cymbopogon_khasianus_x_Cymbopogon_pendulus,species
334825,Zea_mays_subsp._mays_x_Zea_mays_subsp._parviglumis,subspecies
368615,Zea_mays_subsp._mays_x_Zea_perennis,species
1980702,Zea_mays_subsp._mays_x_Zea_luxurians,species
566566,Saccharum_officinarum_x_Saccharum_spontaneum,species
1159485,Miscanthus_floridulus_x_Miscanthus_sinensis,species
2652153,Miscanthus_sacchariflorus_x_Miscanthus_sinensis,species
1567008,Coix_aquatica_x_Coix_lacryma-jobi,species
1816180,Phragmites_mauritianus_x_Phragmites_australis,species
2050563,Cynodon_transvaalensis_x_Cynodon_dactylon,species
1920021,Cynodon_dactylon_x_Cynodon_transvaalensis,species
334567,Sporobolus_alterniflorus_x_Sporobolus_densiflora,species
334566,Sporobolus_densiflorus_x_Spartina_foliosa,species
1070857,Zoysia_japonica_x_Zoysia_pacifica,species
551113,Oryza_sativa_x_Oryza_glaberrima,species
441961,Oryza_glaberrima_x_Oryza_sativa,species
1054584,Oryza_sativa_x_Oryza_longistaminata,species
1853067,Oryza_barthii_x_Oryza_glaberrima,species
1351824,Oryza_nivara_x_Oryza_sativa,species
471963,Oryza_nivara_x_Oryza_rufipogon,species
1077957,Oryza_rufipogon_x_Oryza_sativa,species
662820,Phyllostachys_edulis_x_Phyllostachys_bambusoides,species
662818,Phyllostachys_kwangsiensis_x_Phyllostachys_bambusoides,species
673911,Arundinaria_gigantea_x_Arundinaria_tecta,species
673909,Arundinaria_appalachiana_x_Arundinaria_tecta,species
673910,Arundinaria_gigantea_x_Arundinaria_appalachiana,species
2576741,Bambusa_pervariabilis_x_Bambusa_grandis,species
716862,Dendrocalamus_hamiltonii_x_Dendrocalamus_latiflorus,species
716861,Bambusa_textilis_x_Dendrocalamus_latiflorus,species
420454,Triticum_sp._ZXZ-2007_x_Secale_strictum_subsp._africanum,species
49318,Secale_cereale_x_Triticum_aestivum,species
1258685,Secale_strictum_subsp._africanum_x_Triticum_turgidum_subsp._durum,species
420450,Secale_strictum_subsp._africanum_x_Triticum_turgidum_subsp._carthlicum,species
420451,Secale_strictum_subsp._africanum_x_Triticum_aestivum,species
142809,Secale_cereale_x_Triticum_turgidum_subsp._durum,species
49967,Triticum_turgidum_subsp._durum_x_Hordeum_chilense,species
420453,Aegilops_tauschii_x_Secale_sylvestre,species
1158823,Aegilops_tauschii_x_Secale_cereale,species
407946,Leymus_cinereus_x_Leymus_triticoides,species
1725131,Psathyrostachys_huashanica_x_Psathyrostachys_juncea,species
998612,Agropyron_cristatum_x_Agropyron_desertorum,species
1521443,(Agropyron_x_Elymus_ircutensis_x_Elymus)_sp._Alt_10-278,species
89347,Elymus_elymoides_x_Leymus_salinus_subsp._salmonis,species
1301387,Hordeum_jubatum_subsp._x_intermedium_Bowden,subspecies
1189301,Elymus_nutans_x_Kengyilia_rigidula,species
1189298,Elymus_nutans_x_Kengyilia_sp._JZ-2012,species
1189300,Elymus_sp._JZ-2012_x_Kengyilia_melanthera,species
1189299,Elymus_nutans_x_Kengyilia_melanthera,species
432383,Aegilops_sharonensis_x_Aegilops_umbellulata,species
698807,Aegilops_longissima_x_Aegilops_tauschii,species
698806,Aegilops_bicornis_x_Aegilops_tauschii,species
1774292,Aegilops_geniculata_x_Aegilops_triuncialis,species
49315,Triticum_durum_x_Triticosecale_sp.,species
1413217,Triticum_aestivum_x_Triticum_dicoccoides,species
4566,Triticum_aestivum_x_Triticum_timopheevi,species
1586742,Triticum_monococcum_subsp._aegilopoides_x_Triticum_urartu,species
488177,Triticum_aestivum_x_Thinopyrum_elongatum,species
1450419,Thinopyrum_intermedium_x_Triticum_aestivum,species
222994,Thinopyrum_ponticum_x_Triticum_aestivum,species
698803,Triticum_aestivum_x_Aegilops_longissima,species
2259637,Aegilops_tauschii_x_Triticum_aestivum,species
1986980,Triticum_urartu_x_Aegilops_tauschii,species
1245757,Triticum_ispahanicum_x_Aegilops_cylindrica,species
1986370,Triticum_urartu_x_Aegilops_longissima,species
501331,Aegilops_tauschii_subsp._tauschii_x_Triticum_turgidum_subsp._polonicum,species
285950,Aegilops_tauschii_x_Triticum_turgidum,species
866788,Triticum_aestivum_x_Aegilops_crassa,species
1986981,Aegilops_longissima_x_Triticum_urartu,species
1593904,Triticum_dicoccon_x_Aegilops_tauschii_subsp._strangulata,species
698804,Triticum_turgidum_subsp._durum_x_Aegilops_sharonensis,species
1593905,Triticum_turgidum_subsp._durum_x_Aegilops_tauschii_subsp._strangulata,species
1897138,Triticum_aestivum_x_Aegilops_sharonensis,species
698805,Triticum_turgidum_subsp._durum_x_Aegilops_tauschii,species
1897139,Triticum_durum_x_Aegilops_comosa,species
454200,Aegilops_tauschii_x_Triticum_urartu,species
488220,Aegilops_sharonensis_x_Triticum_monococcum,species
488219,Aegilops_speltoides_x_Triticum_urartu,species
345908,Agrostis_gigantea_x_Agrostis_stolonifera,species
1080144,Avena_atlantica_x_Avena_hirtula,species
1080143,Avena_strigosa_x_Avena_wiestii,species
2163555,Sesleria_kalnikensis_x_Sesleria_sadleriana,species
426367,Festuca_idahoensis_x_Festuca_ovina,species
426366,Festuca_idahoensis_x_Festuca_roemeri,species
2604626,Festuca_rubra_x_Festuca_arctica,species
311981,Festuca_glaucescens_x_Lolium_multiflorum,species
480553,Lolium_multiflorum_x_Lolium_perenne,species
289075,Poa_secunda_x_Poa_pratensis,species
1445892,Poa_arachnifera_x_Poa_pratensis,species
2290781,Poa_pratensis_x_Poa_alpigena,species
2492436,Poa_arctica_x_Poa_stenantha,species
2290780,Poa_palustris_x_Poa_nemoralis,species
679639,Schoenoplectus_gemmifer_x_Schoenoplectus_hotarui,species
644188,Carex_aquatilis_x_Carex_recta,species
571092,Carex_demissa_x_Carex_lepidocarpa,species
644189,Carex_recta_x_Carex_paleacea,species
571090,Carex_borbonica_x_Carex_boryana,species
502469,Carex_leptosaccus_x_Carex_lycurus,species
1088029,Carex_demissa_x_Carex_viridula,species
1407753,Sparganium_japonicum_x_Sparganium_fallax,species
1407754,Sparganium_angustifolium_x_Sparganium_emersum,species
1777930,Heliconia_caribaea_x_Heliconia_bihai,species
110739,Hedychium_gardnerianum_x_Hedychium_hasseltii,species
904899,Roscoea_cautleyoides_x_Roscoea_humeana,species
1053995,Costus_pulverulentus_x_Costus_scaber,species
1658242,Musa_x_paradisiaca_x_Musa_textilis,species
1001265,Musa_banksii_x_Musa_schizocarpa,species
929410,Musa_acuminata_x_Musa_textilis,species
929409,Musa_acuminata_x_Musa_schizocarpa,species
495150,Musa_balbisiana_x_Musa_textilis,species
524048,Anigozanthos_humilis_x_Anigozanthos_manglesii,species
65599,Tradescantia_ohiensis_x_Tradescantia_paludosa,species
1529971,Pandanus_spiralis_x_Pandanus_aquaticus,species
1529970,Pandanus_cookii_x_Pandanus_tectorius,species
1529969,Pandanus_cookii_x_Pandanus_solms-laubachii,species
1552891,Vallisneria_densiserrulata_x_Vallisneria_spiralis,species
1561845,Najas_canadensis_x_Najas_flexilis,species
713676,Stuckenia_amblyophylla_x_Stuckenia_pamirica,species
713678,Stuckenia_pectinata_x_Stuckenia_filiformis,species
713677,Stuckenia_pamirica_x_Stuckenia_filiformis,species
2510636,Stuckenia_macrocarpa_x_Stuckenia_pectinata,species
997769,Potamogeton_alpinus_x_Potamogeton_natans,species
2482955,Potamogeton_gramineus_x_Potamogeton_lucens,species
519407,Potamogeton_oakesianus_x_Potamogeton_gramineus,species
2083062,Potamogeton_pulcher_x_Potamogeton_oakesianus,species
1164826,Potamogeton_crispus_x_Potamogeton_praelongus,species
713662,Potamogeton_distinctus_x_Potamogeton_nodosus,species
713673,Potamogeton_wrightii_x_Potamogeton_perfoliatus,species
713661,Potamogeton_distinctus_x_Potamogeton_gramineus,species
749677,Potamogeton_crispus_x_Potamogeton_ochreatus,species
703133,Potamogeton_berchtoldii_subsp._gemmiparus_x_Potamogeton_vaseyi,species
713670,Potamogeton_pusillus_x_Potamogeton_berchtoldii,species
1899315,Potamogeton_ferrugineus_x_Potamogeton_berteroanus,species
713671,Potamogeton_pusillus_x_Potamogeton_oxyphyllus,species
713675,Potamogeton_wrightii_x_Potamogeton_x_anguillanus,species
713668,Potamogeton_perfoliatus_x_Potamogeton_praelongus,species
703131,Potamogeton_foliosus_x_Potamogeton_pusillus,species
519406,Potamogeton_bicupulatus_x_Potamogeton_epihydrus,species
713667,Potamogeton_octandrus_x_Potamogeton_foliosus,species
997770,Potamogeton_gramineus_x_Potamogeton_nodosus,species
292608,Potamogeton_pusillus_x_Potamogeton_foliosus,species
2482956,Potamogeton_lucens_x_Potamogeton_perfoliatus,species
519408,Potamogeton_perfoliatus_x_Potamogeton_epihydrus,species
1405353,Potamogeton_berchtoldii_x_Potamogeton_sibiricus,species
713665,Potamogeton_nodosus_x_Potamogeton_wrightii,species
1954356,Potamogeton_berchtoldii_x_Potamogeton_trichoides,species
713674,Potamogeton_wrightii_x_Potamogeton_praelongus,species
1954357,Potamogeton_obtusifolius_x_Potamogeton_berchtoldii,species
1515687,Potamogeton_lucens_x_Potamogeton_nodosus,species
713663,Potamogeton_distinctus_x_Potamogeton_wrightii,species
713664,Potamogeton_maackianus_x_Potamogeton_acutifolius,species
519409,Potamogeton_perfoliatus_x_Potamogeton_richardsonii,species
703130,Potamogeton_berchtoldii_x_Potamogeton_vaseyi,species
713672,Potamogeton_wrightii_x_Potamogeton_distinctus,species
713666,Potamogeton_octandrus_x_Potamogeton_cristatus,species
713669,Potamogeton_praelongus_x_Potamogeton_wrightii,species
1100793,Aponogeton_crispus_x_Aponogeton_rigidifolius,species
1100792,Aponogeton_crispus_x_Aponogeton_jacobsenii,species
888998,Posidonia_angustifolia_x_Posidonia_australis,species
256643,Nymphaea_colorata_x_Nymphaea_gigantea,species
1543972,Nymphaea_leibergii_x_Nymphaea_tetragona,species
1407600,Nymphaea_leibergii_x_Nymphaea_odorata,species
1407599,Nymphaea_odorata_x_Nymphaea_tetragona,species
349234,Victoria_amazonica_x_Victoria_cruziana,species
